{
    "results": {
        "tool": {
            "name": "pytest",
            "version": "8.4.1"
        },
        "summary": {
            "tests": 2,
            "passed": 2,
            "failed": 0,
            "skipped": 0,
            "pending": 0,
            "other": 0,
            "start": 1783058493.318891,
            "stop": 1783058493.3357182
        },
        "tests": [
            {
                "name": "test_outputs.py::test_report_exists",
                "status": "passed",
                "duration": 0.00042821500392165035,
                "start": 1783058493.3305416,
                "stop": 1783058493.3324912,
                "retries": 0,
                "file_path": "test_outputs.py"
            },
            {
                "name": "test_outputs.py::test_report_contents",
                "status": "passed",
                "duration": 0.0003012449997186195,
                "start": 1783058493.3326466,
                "stop": 1783058493.3343587,
                "retries": 0,
                "file_path": "test_outputs.py"
            }
        ]
    }
}