{
    "results": {
        "tool": {
            "name": "pytest",
            "version": "8.4.1"
        },
        "summary": {
            "tests": 2,
            "passed": 2,
            "failed": 0,
            "skipped": 0,
            "pending": 0,
            "other": 0,
            "start": 1783017475.465925,
            "stop": 1783017475.4804497
        },
        "tests": [
            {
                "name": "test_outputs.py::test_report_exists",
                "status": "passed",
                "duration": 0.00044522200187202543,
                "start": 1783017475.4753964,
                "stop": 1783017475.4773862,
                "retries": 0,
                "file_path": "test_outputs.py"
            },
            {
                "name": "test_outputs.py::test_report_contents",
                "status": "passed",
                "duration": 0.0003382879986020271,
                "start": 1783017475.477568,
                "stop": 1783017475.4791696,
                "retries": 0,
                "file_path": "test_outputs.py"
            }
        ]
    }
}