{
    "results": {
        "tool": {
            "name": "pytest",
            "version": "8.4.1"
        },
        "summary": {
            "tests": 2,
            "passed": 2,
            "failed": 0,
            "skipped": 0,
            "pending": 0,
            "other": 0,
            "start": 1783056200.232191,
            "stop": 1783056200.253503
        },
        "tests": [
            {
                "name": "test_outputs.py::test_report_exists",
                "status": "passed",
                "duration": 0.0004442690042196773,
                "start": 1783056200.2480807,
                "stop": 1783056200.2498355,
                "retries": 0,
                "file_path": "test_outputs.py"
            },
            {
                "name": "test_outputs.py::test_report_contents",
                "status": "passed",
                "duration": 0.0008897040024749003,
                "start": 1783056200.2499897,
                "stop": 1783056200.2521799,
                "retries": 0,
                "file_path": "test_outputs.py"
            }
        ]
    }
}