{
    "results": {
        "tool": {
            "name": "pytest",
            "version": "8.4.1"
        },
        "summary": {
            "tests": 2,
            "passed": 2,
            "failed": 0,
            "skipped": 0,
            "pending": 0,
            "other": 0,
            "start": 1783056787.6951957,
            "stop": 1783056787.7108774
        },
        "tests": [
            {
                "name": "test_outputs.py::test_report_exists",
                "status": "passed",
                "duration": 0.0004835290019400418,
                "start": 1783056787.7078338,
                "stop": 1783056787.7089956,
                "retries": 0,
                "file_path": "test_outputs.py"
            },
            {
                "name": "test_outputs.py::test_report_contents",
                "status": "passed",
                "duration": 0.00036868100141873583,
                "start": 1783056787.7092004,
                "stop": 1783056787.7102654,
                "retries": 0,
                "file_path": "test_outputs.py"
            }
        ]
    }
}