{
    "results": {
        "tool": {
            "name": "pytest",
            "version": "8.4.1"
        },
        "summary": {
            "tests": 2,
            "passed": 2,
            "failed": 0,
            "skipped": 0,
            "pending": 0,
            "other": 0,
            "start": 1783056821.128065,
            "stop": 1783056821.1434305
        },
        "tests": [
            {
                "name": "test_outputs.py::test_report_exists",
                "status": "passed",
                "duration": 0.0005195079975237604,
                "start": 1783056821.1378345,
                "stop": 1783056821.1402907,
                "retries": 0,
                "file_path": "test_outputs.py"
            },
            {
                "name": "test_outputs.py::test_report_contents",
                "status": "passed",
                "duration": 0.0003526979999151081,
                "start": 1783056821.1404817,
                "stop": 1783056821.142174,
                "retries": 0,
                "file_path": "test_outputs.py"
            }
        ]
    }
}