{
    "results": {
        "tool": {
            "name": "pytest",
            "version": "8.4.1"
        },
        "summary": {
            "tests": 2,
            "passed": 2,
            "failed": 0,
            "skipped": 0,
            "pending": 0,
            "other": 0,
            "start": 1783056470.2376719,
            "stop": 1783056470.2540903
        },
        "tests": [
            {
                "name": "test_outputs.py::test_report_exists",
                "status": "passed",
                "duration": 0.0004236390013829805,
                "start": 1783056470.2493556,
                "stop": 1783056470.2511675,
                "retries": 0,
                "file_path": "test_outputs.py"
            },
            {
                "name": "test_outputs.py::test_report_contents",
                "status": "passed",
                "duration": 0.0002972740003315266,
                "start": 1783056470.2513342,
                "stop": 1783056470.2529373,
                "retries": 0,
                "file_path": "test_outputs.py"
            }
        ]
    }
}